Augmentation,RepRequired,BasePrice,CurrentPrice,Category,AvailableFrom,Prereqs,Hacking_Deviation,Reputation_Deviation,MoneyWork_Deviation,Hacknet_Deviation,Combat_Deviation,Charisma_Deviation,Bladeburner_Deviation,Other_Deviation,Hacking_ValueDensity,Reputation_ValueDensity,MoneyWork_ValueDensity,Hacknet_ValueDensity,Combat_ValueDensity,Charisma_ValueDensity,Bladeburner_ValueDensity,Other_ValueDensity,hacking,hacking_chance,hacking_speed,hacking_money,hacking_grow,hacking_exp,faction_rep,company_rep,work_money,crime_money,crime_success,hacknet_node_money,hacknet_node_purchase_cost,hacknet_node_ram_cost,hacknet_node_core_cost,hacknet_node_level_cost,strength,strength_exp,defense,defense_exp,dexterity,dexterity_exp,agility,agility_exp,charisma,charisma_exp,bladeburner_max_stamina,bladeburner_stamina_gain,bladeburner_analysis,bladeburner_success_chance,dnet_money
Stanek's Gift - Genesis,0,0,0,Charisma; Combat; Hacking; Hacknet; MoneyWork; Reputation,Church of the Machine God,,0.6,0.2,0.3,0.5,0.8,0.2,,,0.6,0.2,0.3,0.5,0.8,0.2,,,0.9,0.9,0.9,0.9,0.9,0.9,0.9,0.9,0.9,0.9,0.9,0.9,1.1,1.1,1.1,1.1,0.9,0.9,0.9,0.9,0.9,0.9,0.9,0.9,0.9,0.9,,,,,
NeuroFlux Governor,500,1500000,1500000,Charisma; Combat; Hacking; Hacknet; MoneyWork; Reputation,Illuminati; Daedalus; The Covenant; ECorp; MegaCorp; Bachman & Associates; Blade Industries; NWO; Clarke Incorporated; OmniTek Incorporated; Four Sigma; KuaiGong International; Fulcrum Secret Technologies; BitRunners; NiteSec; Aevum; Chongqing; Ishima; New Tokyo; Sector-12; Volhaven; Speakers for the Dead; The Dark Army; The Syndicate; Silhouette; Tetrads; Slum Snakes; Netburners; Tian Di Hui; CyberSec,,0.060016,0.020005,0.030008,0.049617,0.080021,0.020005,,,0.00012003,4.001e-05,6.002e-05,9.923e-05,0.00016004,4.001e-05,,,1.010003,1.010003,1.010003,1.010003,1.010003,1.010003,1.010003,1.010003,1.010003,1.010003,1.010003,1.010003,0.990096,0.990096,0.990096,0.990096,1.010003,1.010003,1.010003,1.010003,1.010003,1.010003,1.010003,1.010003,1.010003,1.010003,,,,,
Neurotrainer I,1000,8000000,8000000,Charisma; Combat; Hacking,CyberSec; Aevum; The Black Hand,,0.1,,,,0.4,0.1,,,0.0001,,,,0.0004,0.0001,,,,,,,,1.1,,,,,,,,,,,,1.1,,1.1,,1.1,,1.1,,1.1,,,,,
EsperTech Bladeburner Eyewear,1250,330000000,330000000,Bladeburner; Combat,Bladeburners,,,,,,0.05,,0.03,,,,,,4e-05,,2.4e-05,,,,,,,,,,,,,,,,,,,,,,1.05,,,,,,,,,1.03,
The Blade's Simulacrum,1250,300000000000,300000000000,,Bladeburners,,,,,,,,,,,,,,,,,,,,,,,,,,,,,,,,,,,,,,,,,,,,,,,,
Wired Reflexes,1250,5000000,5000000,Combat,Tian Di Hui; Slum Snakes; Sector-12; Volhaven; Aevum; Ishima; The Syndicate; The Dark Army; Speakers for the Dead; The Black Hand,,,,,,0.1,,,,,,,,8e-05,,,,,,,,,,,,,,,,,,,,,,,,1.05,,1.05,,,,,,,,
LuminCloaking-V1 Skin Implant,1500,10000000,10000000,Charisma; Combat; MoneyWork,Slum Snakes; Tetrads; The Black Hand,,,,0.1,,0.05,0.03,,,,,6.667e-05,,3.333e-05,2e-05,,,,,,,,,,,,1.1,,,,,,,,,,,,,1.05,,1.03,,,,,,
Hacknet Node NIC Architecture Neural-Upload,1875,9000000,9000000,Hacknet,Netburners; The Black Hand,,,,,0.2,,,,,,,,0.00010667,,,,,,,,,,,,,,,,1.1,0.9,,,,,,,,,,,,,,,,,,
Synaptic Enhancement Implant,2000,15000000,15000000,Hacking,CyberSec; Aevum; The Black Hand,,0.03,,,,,,,,1.5e-05,,,,,,,,,,1.03,,,,,,,,,,,,,,,,,,,,,,,,,,,,
EMS-4 Recombination,2500,550000000,550000000,Bladeburner,Bladeburners,,,,,,,,0.1,,,,,,,,4e-05,,,,,,,,,,,,,,,,,,,,,,,,,,,,,1.02,1.05,1.03,
Hacknet Node Cache Architecture Neural-Upload,2500,11000000,11000000,Hacknet,Netburners,,,,,0.25,,,,,,,,0.0001,,,,,,,,,,,,,,,,1.1,,,,0.85,,,,,,,,,,,,,,,
Speech Enhancement,2500,25000000,25000000,Charisma; Reputation,Tian Di Hui; Speakers for the Dead; Four Sigma; KuaiGong International; Clarke Incorporated; Bachman & Associates; The Black Hand,,,0.1,,,,0.1,,,,4e-05,,,,4e-05,,,,,,,,,,1.1,,,,,,,,,,,,,,,,,1.1,,,,,,
ADR-V1 Pheromone Gene,3750,35000000,35000000,Charisma; Reputation,Tian Di Hui; The Syndicate; NWO; MegaCorp; Four Sigma; The Black Hand,,,0.2,,,,0.05,,,,5.333e-05,,,,1.333e-05,,,,,,,,,1.1,1.1,,,,,,,,,,,,,,,,,,1.05,,,,,
BitWire,3750,20000000,20000000,Hacking,CyberSec; NiteSec; The Black Hand,,0.05,,,,,,,,1.333e-05,,,,,,,,1.05,,,,,,,,,,,,,,,,,,,,,,,,,,,,,,
Hacknet Node CPU Architecture Neural-Upload,3750,22000000,22000000,Hacknet,Netburners,,,,,0.3,,,,,,,,8e-05,,,,,,,,,,,,,,,,1.15,0.85,,,,,,,,,,,,,,,,,,
Augmented Targeting I,5000,30000000,30000000,Combat,Slum Snakes; The Dark Army; The Syndicate; Sector-12; Ishima; OmniTek Incorporated; KuaiGong International; Blade Industries; The Black Hand,,,,,,0.1,,,,,,,,2e-05,,,,,,,,,,,,,,,,,,,,,,,,1.1,,,,,,,,,,
LuminCloaking-V2 Skin Implant,5000,60000000,60000000,Charisma; Combat; MoneyWork,Slum Snakes; Tetrads; The Black Hand,LuminCloaking-V1 Skin Implant,,,0.25,,0.2,0.1,,,,,5e-05,,4e-05,2e-05,,,,,,,,,,,,1.25,,,,,,,,,1.1,,,,1.1,,,1.1,,,,,
Neural Wit Amplifier,5000,20000000,20000000,Charisma; Reputation,Slum Snakes; BitRunners; The Black Hand,,,0.05,,,,0.08,,,,1e-05,,,,1.6e-05,,,,,,,,,,1.05,,,,,,,,,,,,,,,,,1.03,1.05,,,,,
Nuoptimal Nootropic Injector Implant,5000,40000000,40000000,Charisma; Reputation,Tian Di Hui; Volhaven; New Tokyo; Chongqing; Clarke Incorporated; Four Sigma; Bachman & Associates; The Black Hand,,,0.2,,,,0.03,,,,4e-05,,,,6e-06,,,,,,,,,,1.2,,,,,,,,,,,,,,,,,1.03,,,,,,
Artificial Synaptic Potentiation,6250,160000000,160000000,Hacking,The Black Hand; NiteSec,,0.12,,,,,,,,1.92e-05,,,,,,,,,1.05,1.02,,,1.05,,,,,,,,,,,,,,,,,,,,,,,,,
NutriGen Implant,6250,5000000,5000000,Combat,New Tokyo; The Black Hand,,,,,,0.8,,,,,,,,0.000128,,,,,,,,,,,,,,,,,,,,,1.2,,1.2,,1.2,,1.2,,,,,,,
ORION-MKIV Shoulder,6250,1100000000,1100000000,Bladeburner; Combat,Bladeburners,,,,,,0.15,,0.04,,,,,,2.4e-05,,6.4e-06,,,,,,,,,,,,,,,,,,1.05,,1.05,,1.05,,,,,,,,,1.04,
Social Negotiation Assistant (S.N.A),6250,60000000,60000000,Charisma; MoneyWork; Reputation,Tian Di Hui; The Black Hand,,,0.3,0.1,,,0.15,,,,4.8e-05,1.6e-05,,,2.4e-05,,,,,,,,,1.15,1.15,1.1,,,,,,,,,,,,,,,,,1.15,,,,,
Combat Rib I,7500,47500000,47500000,Combat,Slum Snakes; The Dark Army; The Syndicate; Volhaven; Ishima; OmniTek Incorporated; KuaiGong International; Blade Industries; The Black Hand,,,,,,0.2,,,,,,,,2.667e-05,,,,,,,,,,,,,,,,,,,,1.1,,1.1,,,,,,,,,,,,
Hacknet Node Kernel Direct-Neural Interface,7500,80000000,80000000,Hacknet,Netburners; The Black Hand,,,,,0.25,,,,,,,,3.333e-05,,,,,,,,,,,,,,,,1.25,,,,,,,,,,,,,,,,,,,
INFRARET Enhancement,7500,60000000,60000000,Combat; MoneyWork,Ishima; The Black Hand,,,,0.35,,0.1,,,,,,4.667e-05,,1.333e-05,,,,,,,,,,,,,1.1,1.25,,,,,,,,,,1.1,,,,,,,,,,
Speech Processor Implant,7500,100000000,100000000,Charisma,Tian Di Hui; Chongqing; Sector-12; New Tokyo; Aevum; Ishima; Volhaven; Silhouette; The Black Hand,,,,,,,0.2,,,,,,,,2.667e-05,,,,,,,,,,,,,,,,,,,,,,,,,,,1.2,,,,,,
Augmented Targeting II,8750,85000000,85000000,Combat,The Dark Army; The Syndicate; Sector-12; OmniTek Incorporated; KuaiGong International; Blade Industries; The Black Hand,Augmented Targeting I,,,,,0.2,,,,,,,,2.286e-05,,,,,,,,,,,,,,,,,,,,,,,,1.2,,,,,,,,,,
Cranial Signal Processors - Gen I,10000,140000000,140000000,Hacking,CyberSec; NiteSec; The Black Hand,,0.06,,,,,,,,6e-06,,,,,,,,1.05,,1.01,,,,,,,,,,,,,,,,,,,,,,,,,,,,
HemoRecirculator,10000,90000000,90000000,Charisma; Combat,Tetrads; The Dark Army; The Syndicate; The Black Hand,,,,,,0.32,0.08,,,,,,,3.2e-05,8e-06,,,,,,,,,,,,,,,,,,,1.08,,1.08,,1.08,,1.08,,1.08,,,,,,
Neurotrainer II,10000,90000000,90000000,Charisma; Combat; Hacking,BitRunners; NiteSec; The Black Hand,,0.15,,,,0.6,0.15,,,1.5e-05,,,,6e-05,1.5e-05,,,,,,,,1.15,,,,,,,,,,,,1.15,,1.15,,1.15,,1.15,,1.15,,,,,
SoA - Beauty of Aphrodite,10000,1000000,1000000,Charisma,Shadows of Anarchy,,,,,,,0.1,,,,,,,,1e-05,,,,,,,,,,,,,,,,,,,,,,,,,,,1.1,,,,,,
SoA - Chaos of Dionysus,10000,1000000,1000000,,Shadows of Anarchy,,,,,,,,,,,,,,,,,,,,,,,,,,,,,,,,,,,,,,,,,,,,,,,,
SoA - Flood of Poseidon,10000,1000000,1000000,,Shadows of Anarchy,,,,,,,,,,,,,,,,,,,,,,,,,,,,,,,,,,,,,,,,,,,,,,,,
SoA - Hunt of Artemis,10000,1000000,1000000,,Shadows of Anarchy,,,,,,,,,,,,,,,,,,,,,,,,,,,,,,,,,,,,,,,,,,,,,,,,
SoA - Knowledge of Apollo,10000,1000000,1000000,,Shadows of Anarchy,,,,,,,,,,,,,,,,,,,,,,,,,,,,,,,,,,,,,,,,,,,,,,,,
SoA - Might of Ares,10000,1000000,1000000,,Shadows of Anarchy,,,,,,,,,,,,,,,,,,,,,,,,,,,,,,,,,,,,,,,,,,,,,,,,
SoA - Trickery of Hermes,10000,1000000,1000000,,Shadows of Anarchy,,,,,,,,,,,,,,,,,,,,,,,,,,,,,,,,,,,,,,,,,,,,,,,,
SoA - Wisdom of Athena,10000,1000000,1000000,,Shadows of Anarchy,,,,,,,,,,,,,,,,,,,,,,,,,,,,,,,,,,,,,,,,,,,,,,,,
SoA - phyzical WKS harmonizer,10000,1000000,1000000,,Shadows of Anarchy,,,,,,,,,,,,,,,,,,,,,,,,,,,,,,,,,,,,,,,,,,,,,,,,
BLADE-51b Tesla Armor,12500,2750000000,2750000000,Bladeburner; Combat,Bladeburners,,,,,,0.16,,0.05,,,,,,1.28e-05,,4e-06,,,,,,,,,,,,,,,,,,1.04,,1.04,,1.04,,1.04,,,,,1.02,,1.03,
BrachiBlades,12500,180000000,180000000,Combat; MoneyWork,The Syndicate,,,,0.25,,0.3,,,,,,2e-05,,2.4e-05,,,,,,,,,,,,,1.15,1.1,,,,,,1.15,,1.15,,,,,,,,,,,,
CashRoot Starter Kit,12500,250000000,250000000,,Sector-12,,,,,,,,,,,,,,,,,,,,,,,,,,,,,,,,,,,,,,,,,,,,,,,,
Hacknet Node Core Direct-Neural Interface,12500,120000000,120000000,Hacknet,Netburners,,,,,0.45,,,,,,,,3.6e-05,,,,,,,,,,,,,,,,1.45,,,,,,,,,,,,,,,,,,,
Hyperion Plasma Cannon V1,12500,5500000000,5500000000,Bladeburner,Bladeburners,,,,,,,,0.06,,,,,,,,4.8e-06,,,,,,,,,,,,,,,,,,,,,,,,,,,,,,,1.06,
BLADE-51b Tesla Armor: IPU Upgrade,15000,2200000000,2200000000,Bladeburner,Bladeburners,BLADE-51b Tesla Armor,,,,,,,0.17,,,,,,,,1.133e-05,,,,,,,,,,,,,,,,,,,,,,,,,,,,,,1.15,1.02,
DermaForce Particle Barrier,15000,100000000,100000000,Charisma; Combat,Volhaven,,,,,,0.4,0.05,,,,,,,2.667e-05,3.33e-06,,,,,,,,,,,,,,,,,,,,,1.4,,,,,,1.05,,,,,,
Embedded Netburner Module,15000,500000000,500000000,Hacking,BitRunners; The Black Hand; NiteSec; ECorp; MegaCorp; Fulcrum Secret Technologies; NWO; Blade Industries,,0.08,,,,,,,,5.33e-06,,,,,,,,1.08,,,,,,,,,,,,,,,,,,,,,,,,,,,,,,
Magnetism Amplifier,15000,500000000,500000000,Charisma; Reputation,The Black Hand; The Dark Army,,,0.1,,,,0.05,,,,6.67e-06,,,,3.33e-06,,,,,,,,,,1.1,,,,,,,,,,,,,,,,,1.05,,,,,,
BLADE-51b Tesla Armor: Power Cells Upgrade,18750,5500000000,5500000000,Bladeburner,Bladeburners,BLADE-51b Tesla Armor,,,,,,,0.12,,,,,,,,6.4e-06,,,,,,,,,,,,,,,,,,,,,,,,,,,,1.05,1.02,,1.05,
Combat Rib II,18750,130000000,130000000,Combat,The Dark Army; The Syndicate; Volhaven; OmniTek Incorporated; KuaiGong International; Blade Industries; The Black Hand,Combat Rib I,,,,,0.28,,,,,,,,1.493e-05,,,,,,,,,,,,,,,,,,,,1.14,,1.14,,,,,,,,,,,,
Cranial Signal Processors - Gen II,18750,250000000,250000000,Hacking,CyberSec; NiteSec; The Black Hand,Cranial Signal Processors - Gen I,0.14,,,,,,,,7.47e-06,,,,,,,,1.07,1.05,1.02,,,,,,,,,,,,,,,,,,,,,,,,,,,,
Vangelis Virus,18750,5500000000,5500000000,Bladeburner; Charisma; Combat,Bladeburners,,,,,,0.1,0.1,0.14,,,,,,5.33e-06,5.33e-06,7.47e-06,,,,,,,,,,,,,,,,,,,,,,,1.1,,,,1.1,,,1.1,1.04,
Blade's Runners,20000,16500000000,16500000000,Bladeburner; Combat,Bladeburners,,,,,,0.05,,0.1,,,,,,2.5e-06,,5e-06,,,,,,,,,,,,,,,,,,,,,,,,1.05,,,,1.05,1.05,,,
Neural-Retention Enhancement,20000,500000000,500000000,Hacking,NiteSec,,0.25,,,,,,,,1.25e-05,,,,,,,,,,,,,1.25,,,,,,,,,,,,,,,,,,,,,,,,,
BLADE-51b Tesla Armor: Energy Shielding Upgrade,21250,11000000000,11000000000,Bladeburner; Combat,Bladeburners,BLADE-51b Tesla Armor,,,,,0.05,,0.06,,,,,,2.35e-06,,2.82e-06,,,,,,,,,,,,,,,,,,,,1.05,,,,,,,,,,,1.06,
SmartSonar Implant,22500,150000000,150000000,Combat; MoneyWork,Slum Snakes,,,,0.25,,0.25,,,,,,1.111e-05,,1.111e-05,,,,,,,,,,,,,1.25,,,,,,,,,,,1.1,1.15,,,,,,,,,
Eloquence Module,25000,500000000,500000000,Charisma; MoneyWork,Speakers for the Dead; The Black Hand,,,,0.3,,,0.05,,,,,1.2e-05,,,2e-06,,,,,,,,,,,1.2,,1.1,,,,,,,,,,,,,,1.05,,,,,,
Hyperion Plasma Cannon V2,25000,11000000000,11000000000,Bladeburner,Bladeburners,Hyperion Plasma Cannon V1,,,,,,,0.08,,,,,,,,3.2e-06,,,,,,,,,,,,,,,,,,,,,,,,,,,,,,,1.08,
I.N.T.E.R.L.I.N.K.E.D,25000,11000000000,11000000000,Bladeburner; Combat,Bladeburners,,,,,,0.2,,0.1,,,,,,8e-06,,4e-06,,,,,,,,,,,,,,,,,,,1.05,,1.05,,1.05,,1.05,,,1.1,,,,
Neurotrainer III,25000,260000000,260000000,Charisma; Combat; Hacking,NWO; Four Sigma; The Black Hand,,0.2,,,,0.8,0.2,,,8e-06,,,,3.2e-05,8e-06,,,,,,,,1.2,,,,,,,,,,,,1.2,,1.2,,1.2,,1.2,,1.2,,,,,
Power Recirculation Core,25000,360000000,360000000,Charisma; Combat; Hacking,Tetrads; The Dark Army; The Syndicate; NWO; The Black Hand,,0.15,,,,0.6,0.15,,,6e-06,,,,2.4e-05,6e-06,,,1.05,,,,,1.1,,,,,,,,,,,1.05,1.1,1.05,1.1,1.05,1.1,1.05,1.1,1.05,1.1,,,,,
TITN-41 Gene-Modification Injection,25000,380000000,380000000,Charisma,Silhouette; The Black Hand,,,,,,,0.3,,,,,,,,1.2e-05,,,,,,,,,,,,,,,,,,,,,,,,,,,1.15,1.15,,,,,
Augmented Targeting III,27500,230000000,230000000,Combat,The Dark Army; The Syndicate; OmniTek Incorporated; KuaiGong International; Blade Industries; The Covenant; The Black Hand,Augmented Targeting II; Augmented Targeting I,,,,,0.3,,,,,,,,1.091e-05,,,,,,,,,,,,,,,,,,,,,,,,1.3,,,,,,,,,,
BLADE-51b Tesla Armor: Unibeam Upgrade,31250,33000000000,33000000000,Bladeburner,Bladeburners,BLADE-51b Tesla Armor,,,,,,,0.08,,,,,,,,2.56e-06,,,,,,,,,,,,,,,,,,,,,,,,,,,,,,,1.08,
GOLEM Serum,31250,22000000000,22000000000,Bladeburner; Combat,Bladeburners,,,,,,0.28,,0.05,,,,,,8.96e-06,,1.6e-06,,,,,,,,,,,,,,,,,,1.07,,1.07,,1.07,,1.07,,,,,1.05,,,
Combat Rib III,35000,240000000,240000000,Combat,The Dark Army; The Syndicate; OmniTek Incorporated; KuaiGong International; Blade Industries; The Covenant; The Black Hand,Combat Rib II; Combat Rib I,,,,,0.36,,,,,,,,1.029e-05,,,,,,,,,,,,,,,,,,,,1.18,,1.18,,,,,,,,,,,,
Nanofiber Weave,37500,250000000,250000000,Charisma; Combat,The Dark Army; The Syndicate; OmniTek Incorporated; Blade Industries; Tian Di Hui; Speakers for the Dead; Fulcrum Secret Technologies; The Black Hand,,,,,,0.4,0.05,,,,,,,1.067e-05,1.33e-06,,,,,,,,,,,,,,,,,,,1.2,,1.2,,,,,,1.05,,,,,,
Neuregen Gene Modification,37500,750000000,750000000,Hacking,Chongqing,,0.4,,,,,,,,1.067e-05,,,,,,,,,,,,,1.4,,,,,,,,,,,,,,,,,,,,,,,,,
The Shadow's Simulacrum,37500,800000000,800000000,Reputation,The Syndicate; The Dark Army; Speakers for the Dead; The Black Hand,,,0.3,,,,,,,,8e-06,,,,,,,,,,,,,1.15,1.15,,,,,,,,,,,,,,,,,,,,,,,
Vangelis Virus 3.0,37500,22000000000,22000000000,Bladeburner; Charisma; Combat,Bladeburners,Vangelis Virus,,,,,0.2,0.1,0.2,,,,,,5.33e-06,2.67e-06,5.33e-06,,,,,,,,,,,,,,,,,,,,,1.1,,1.1,,,,1.1,,,1.15,1.05,
Glibness Enhancement,40500,5000000000,5000000000,Charisma; Reputation,Tetrads; Bladeburners; The Black Hand,,,0.1,,,,0.2,,,,2.47e-06,,,,4.94e-06,,,,,,,,,,1.1,,,,,,,,,,,,,,,,,,1.2,,,,,
Bionic Spine,45000,250000000,250000000,Combat,Speakers for the Dead; The Syndicate; KuaiGong International; OmniTek Incorporated; Blade Industries; The Black Hand,,,,,,0.6,,,,,,,,1.333e-05,,,,,,,,,,,,,,,,,,,,1.15,,1.15,,1.15,,1.15,,,,,,,,
CRTX42-AA Gene Modification,45000,450000000,450000000,Hacking,NiteSec,,0.23,,,,,,,,5.11e-06,,,,,,,,1.08,,,,,1.15,,,,,,,,,,,,,,,,,,,,,,,,,
Cranial Signal Processors - Gen III,50000,1100000000,1100000000,Hacking,NiteSec; The Black Hand; BitRunners,Cranial Signal Processors - Gen II; Cranial Signal Processors - Gen I,0.26,,,,,,,,5.2e-06,,,,,,,,1.09,,1.02,1.15,,,,,,,,,,,,,,,,,,,,,,,,,,,
Neuralstimulator,50000,6000000000,6000000000,Hacking,The Black Hand; Chongqing; Sector-12; New Tokyo; Aevum; Ishima; Volhaven; Bachman & Associates; Clarke Incorporated; Four Sigma,,0.24,,,,,,,,4.8e-06,,,,,,,,,1.1,1.02,,,1.12,,,,,,,,,,,,,,,,,,,,,,,,,
ADR-V2 Pheromone Gene,62500,1100000000,1100000000,Charisma; Reputation,Silhouette; Four Sigma; Bachman & Associates; Clarke Incorporated; The Black Hand,,,0.4,,,,0.1,,,,6.4e-06,,,,1.6e-06,,,,,,,,,1.2,1.2,,,,,,,,,,,,,,,,,1.1,,,,,,
BLADE-51b Tesla Armor: Omnibeam Upgrade,62500,55000000000,55000000000,Bladeburner,Bladeburners,BLADE-51b Tesla Armor: Unibeam Upgrade,,,,,,,0.1,,,,,,,,1.6e-06,,,,,,,,,,,,,,,,,,,,,,,,,,,,,,,1.1,
Bionic Arms,62500,550000000,550000000,Combat,Tetrads,,,,,,0.6,,,,,,,,9.6e-06,,,,,,,,,,,,,,,,,,,,1.3,,,,1.3,,,,,,,,,,
FocusWire,75000,1800000000,1800000000,Charisma; Combat; Hacking; MoneyWork; Reputation,Bachman & Associates; Clarke Incorporated; Four Sigma; KuaiGong International; The Black Hand,,0.05,0.1,0.2,,0.2,0.05,,,6.7e-07,1.33e-06,2.67e-06,,2.67e-06,6.7e-07,,,,,,,,1.05,,1.1,1.2,,,,,,,,,1.05,,1.05,,1.05,,1.05,,1.05,,,,,
Neuroreceptor Management Implant,75000,1100000000,1100000000,,Tian Di Hui,,,,,,,,,,,,,,,,,,,,,,,,,,,,,,,,,,,,,,,,,,,,,,,,
Enhanced Myelin Sheathing,100000,2750000000,2750000000,Hacking,Fulcrum Secret Technologies; BitRunners; The Black Hand,,0.21,,,,,,,,2.1e-06,,,,,,,,1.08,,1.03,,,1.1,,,,,,,,,,,,,,,,,,,,,,,,,
PCMatrix,100000,4000000000,4000000000,Charisma; MoneyWork; Reputation,Aevum,,,0.1554,0.9324,,,0.1554,,,,1.55e-06,9.32e-06,,,1.55e-06,,,,,,,,,1.0777,1.0777,1.777,1.0777,1.0777,,,,,,,,,,,,,,1.0777,1.0777,,,,,
The Black Hand,100000,1100000000,1100000000,Combat; Hacking,The Black Hand,,0.22,,,,0.3,,,,2.2e-06,,,,3e-06,,,,1.1,,1.02,1.1,,,,,,,,,,,,,1.15,,,,1.15,,,,,,,,,,
DataJack,112500,900000000,900000000,Hacking,BitRunners; The Black Hand; NiteSec; Chongqing; New Tokyo,,0.25,,,,,,,,2.22e-06,,,,,,,,,,,1.25,,,,,,,,,,,,,,,,,,,,,,,,,,,
Cranial Signal Processors - Gen IV,125000,2200000000,2200000000,Hacking,The Black Hand; BitRunners,Cranial Signal Processors - Gen III; Cranial Signal Processors - Gen II; Cranial Signal Processors - Gen I,0.47,,,,,,,,3.76e-06,,,,,,,,,,1.02,1.2,1.25,,,,,,,,,,,,,,,,,,,,,,,,,,
Golden Tongue Module,125000,250000000,250000000,Charisma,Speakers for the Dead; The Black Hand,,,,,,,0.4,,,,,,,,3.2e-06,,,,,,,,,,,,,,,,,,,,,,,,,,,1.1,1.3,,,,,
Bionic Legs,150000,750000000,750000000,Combat,Speakers for the Dead; The Syndicate; KuaiGong International; OmniTek Incorporated; Blade Industries; The Black Hand,,,,,,0.6,,,,,,,,4e-06,,,,,,,,,,,,,,,,,,,,,,,,,,1.6,,,,,,,,
HyperSight Corneal Implant,150000,5500000000,5500000000,Charisma; Combat; Hacking,Blade Industries; KuaiGong International; The Black Hand,,0.13,,,,0.4,0.03,,,8.7e-07,,,,2.67e-06,2e-07,,,,,1.03,1.1,,,,,,,,,,,,,,,,,1.4,,,,1.03,,,,,,
Embedded Netburner Module Core Implant,175000,5000000000,5000000000,Hacking,BitRunners; The Black Hand; ECorp; MegaCorp; Fulcrum Secret Technologies; NWO; Blade Industries,Embedded Netburner Module,0.3,,,,,,,,1.71e-06,,,,,,,,1.07,1.03,1.03,1.1,,1.07,,,,,,,,,,,,,,,,,,,,,,,,,
Neuronal Densification,187500,2750000000,2750000000,Hacking,Clarke Incorporated; The Black Hand,,0.28,,,,,,,,1.49e-06,,,,,,,,1.15,,1.03,,,1.1,,,,,,,,,,,,,,,,,,,,,,,,,
The Illustrated Primer,187500,6750000000,6750000000,Charisma,The Dark Army; The Syndicate; The Black Hand,,,,,,,0.5,,,,,,,,2.67e-06,,,,,,,,,,,,,,,,,,,,,,,,,,,1.1,1.4,,,,,
Neural Accelerator,200000,3500000000,3500000000,Hacking,BitRunners; The Black Hand,,0.45,,,,,,,,2.25e-06,,,,,,,,1.1,,,1.2,,1.15,,,,,,,,,,,,,,,,,,,,,,,,,
Graphene BrachiBlades Upgrade,225000,5000000000,5000000000,Combat; MoneyWork,Speakers for the Dead; The Black Hand,BrachiBlades,,,0.4,,0.8,,,,,,1.78e-06,,3.56e-06,,,,,,,,,,,,,1.3,1.1,,,,,,1.4,,1.4,,,,,,,,,,,,
Social Dynamics Processor,225000,2400000000,2400000000,Charisma; Reputation,MegaCorp; ECorp; OmniTek Incorporated; The Black Hand,,,0.3,,,,0.1,,,,1.33e-06,,,,4.4e-07,,,,,,,,,,1.3,,,,,,,,,,,,,,,,,1.1,,,,,,
Cranial Signal Processors - Gen V,250000,4500000000,4500000000,Hacking,BitRunners,Cranial Signal Processors - Gen IV; Cranial Signal Processors - Gen III; Cranial Signal Processors - Gen II; Cranial Signal Processors - Gen I,1.3,,,,,,,,5.2e-06,,,,,,,,1.3,,,1.25,1.75,,,,,,,,,,,,,,,,,,,,,,,,,,
Artificial Bio-neural Network Implant,275000,6000000000,6000000000,Hacking,BitRunners; Fulcrum Secret Technologies; The Black Hand,,0.3,,,,,,,,1.09e-06,,,,,,,,1.12,,1.03,1.15,,,,,,,,,,,,,,,,,,,,,,,,,,,
Unstable Circadian Modulator,362500,10000000000,10000000000,Hacknet,Speakers for the Dead; The Black Hand,,,,,0.8,,,,,,,,2.21e-06,,,,,,,,,,,,,,,,1.2,0.85,0.85,0.85,0.85,,,,,,,,,,,,,,,
Enhanced Social Interaction Implant,375000,2750000000,2750000000,Charisma,Bachman & Associates; NWO; Clarke Incorporated; OmniTek Incorporated; Four Sigma; The Black Hand,,,,,,,1.2,,,,,,,,3.2e-06,,,,,,,,,,,,,,,,,,,,,,,,,,,1.6,1.6,,,,,
PC Direct-Neural Interface,375000,7500000000,7500000000,Hacking; Reputation,Four Sigma; OmniTek Incorporated; ECorp; Blade Industries; The Black Hand,,0.08,0.3,,,,,,,2.1e-07,8e-07,,,,,,,1.08,,,,,,,1.3,,,,,,,,,,,,,,,,,,,,,,,
SmartJaw,375000,5500000000,5500000000,Charisma; Reputation,Bachman & Associates,,,0.5,,,,1.0,,,,1.33e-06,,,,2.67e-06,,,,,,,,,1.25,1.25,,,,,,,,,,,,,,,,,1.5,1.5,,,,,
Synfibril Muscle,437500,2250000000,2250000000,Combat,KuaiGong International; Fulcrum Secret Technologies; Speakers for the Dead; NWO; The Covenant; Daedalus; Illuminati; Blade Industries; The Black Hand,,,,,,0.6,,,,,,,,1.37e-06,,,,,,,,,,,,,,,,,,,,1.3,,1.3,,,,,,,,,,,,
nextSENS Gene Modification,437500,3850000000,3850000000,Charisma; Combat; Hacking,Clarke Incorporated,,0.2,,,,0.8,0.2,,,4.6e-07,,,,1.83e-06,4.6e-07,,,1.2,,,,,,,,,,,,,,,,1.2,,1.2,,1.2,,1.2,,1.2,,,,,,
Graphene Bionic Arms Upgrade,500000,7500000000,7500000000,Combat,The Dark Army,Bionic Arms,,,,,1.7,,,,,,,,3.4e-06,,,,,,,,,,,,,,,,,,,,1.85,,,,1.85,,,,,,,,,,
PC Direct-Neural Interface Optimization Submodule,500000,9000000000,9000000000,Hacking; Reputation,Fulcrum Secret Technologies; ECorp; Blade Industries; The Black Hand,PC Direct-Neural Interface,0.1,0.75,,,,,,,2e-07,1.5e-06,,,,,,,1.1,,,,,,,1.75,,,,,,,,,,,,,,,,,,,,,,,
Neotra,562500,5750000000,5750000000,Charisma; Combat,Blade Industries; The Black Hand,,,,,,1.1,0.55,,,,,,,1.96e-06,9.8e-07,,,,,,,,,,,,,,,,,,,1.55,,1.55,,,,,,1.55,,,,,,
Photosynthetic Cells,562500,5500000000,5500000000,Charisma; Combat,KuaiGong International,,,,,,1.2,0.2,,,,,,,2.13e-06,3.6e-07,,,,,,,,,,,,,,,,,,,1.4,,1.4,,,,1.4,,1.2,,,,,,
Embedded Netburner Module Analyze Engine,625000,12000000000,12000000000,Hacking,ECorp; MegaCorp; Fulcrum Secret Technologies; NWO; Daedalus; The Covenant; Illuminati; The Black Hand,Embedded Netburner Module,0.1,,,,,,,,1.6e-07,,,,,,,,,,1.1,,,,,,,,,,,,,,,,,,,,,,,,,,,,
OmniTek InfoLoad,625000,5750000000,5750000000,Hacking,OmniTek Incorporated; The Black Hand,,0.45,,,,,,,,7.2e-07,,,,,,,,1.2,,,,,1.25,,,,,,,,,,,,,,,,,,,,,,,,,
Graphene Bionic Legs Upgrade,750000,9000000000,9000000000,Combat,MegaCorp; ECorp; Fulcrum Secret Technologies; The Black Hand,Bionic Legs,,,,,1.5,,,,,,,,2e-06,,,,,,,,,,,,,,,,,,,,,,,,,,2.5,,,,,,,,
Synthetic Heart,750000,5750000000,5750000000,Charisma; Combat,KuaiGong International; Fulcrum Secret Technologies; Speakers for the Dead; NWO; The Covenant; Daedalus; Illuminati; The Black Hand,,,,,,1.0,0.3,,,,,,,1.33e-06,4e-07,,,,,,,,,,,,,,,,,,,1.5,,,,,,1.5,,1.3,,,,,,
BitRunners Neurolink,875000,8750000000,8750000000,Hacking,BitRunners,,0.5,,,,,,,,5.7e-07,,,,,,,,1.15,1.1,1.05,,,1.2,,,,,,,,,,,,,,,,,,,,,,,,,
NEMEAN Subdermal Weave,875000,6500000000,6500000000,Combat,The Syndicate; Fulcrum Secret Technologies; Illuminati; Daedalus; The Covenant; The Black Hand,,,,,,1.2,,,,,,,,1.37e-06,,,,,,,,,,,,,,,,,,,,,,2.2,,,,,,,,,,,,
Xanipher,875000,8500000000,8500000000,Charisma; Combat; Hacking,NWO; The Black Hand,,0.35,,,,1.4,0.35,,,4e-07,,,,1.6e-06,4e-07,,,1.2,,,,,1.15,,,,,,,,,,,1.2,1.15,1.2,1.15,1.2,1.15,1.2,1.15,1.2,1.15,,,,,
Embedded Netburner Module Core V2 Upgrade,1000000,9000000000,9000000000,Hacking,BitRunners; ECorp; MegaCorp; Fulcrum Secret Technologies; NWO; Blade Industries; OmniTek Incorporated; KuaiGong International; The Black Hand,Embedded Netburner Module Core Implant; Embedded Netburner Module,0.63,,,,,,,,6.3e-07,,,,,,,,1.08,1.05,1.05,1.3,,1.15,,,,,,,,,,,,,,,,,,,,,,,,,
Embedded Netburner Module Direct Memory Access Upgrade,1000000,14000000000,14000000000,Hacking,ECorp; MegaCorp; Fulcrum Secret Technologies; NWO; Daedalus; The Covenant; Illuminati; The Black Hand,Embedded Netburner Module,0.6,,,,,,,,6e-07,,,,,,,,,1.2,,1.4,,,,,,,,,,,,,,,,,,,,,,,,,,,
Stanek's Gift - Awakening,1000000,0,0,Charisma; Combat; Hacking; Hacknet; MoneyWork; Reputation,Church of the Machine God,Stanek's Gift - Genesis,0.333333,0.111111,0.166667,0.237374,0.444444,0.111111,,,3.3e-07,1.1e-07,1.7e-07,2.4e-07,4.4e-07,1.1e-07,,,1.055556,1.055556,1.055556,1.055556,1.055556,1.055556,1.055556,1.055556,1.055556,1.055556,1.055556,1.055556,0.954545,0.954545,0.954545,0.954545,1.055556,1.055556,1.055556,1.055556,1.055556,1.055556,1.055556,1.055556,1.055556,1.055556,,,,,
CordiARC Fusion Reactor,1125000,10000000000,10000000000,Combat,MegaCorp; The Black Hand,,,,,,2.8,,,,,,,,2.49e-06,,,,,,,,,,,,,,,,,,,,1.35,1.35,1.35,1.35,1.35,1.35,1.35,1.35,,,,,,,
Graphene Bone Lacings,1125000,8500000000,8500000000,Combat,Fulcrum Secret Technologies; The Covenant; The Black Hand,,,,,,1.4,,,,,,,,1.24e-06,,,,,,,,,,,,,,,,,,,,1.7,,1.7,,,,,,,,,,,,
Hydroflame Left Arm,1250000,5000000000000,5000000000000,Combat,NWO,,,,,,1.8,,,,,,,,1.44e-06,,,,,,,,,,,,,,,,,,,,2.8,,,,,,,,,,,,,,
SPTN-97 Gene Modification,1250000,9750000000,9750000000,Combat; Hacking,The Covenant,,0.15,,,,3.0,,,,1.2e-07,,,,2.4e-06,,,,1.15,,,,,,,,,,,,,,,,1.75,,1.75,,1.75,,1.75,,,,,,,,
ECorp HVMind Implant,1500000,11000000000,11000000000,Hacking,ECorp; The Black Hand,,2.0,,,,,,,,1.33e-06,,,,,,,,,,,,3,,,,,,,,,,,,,,,,,,,,,,,,,,
PC Direct-Neural Interface NeuroNet Injector,1500000,15000000000,15000000000,Hacking; Reputation,Fulcrum Secret Technologies,PC Direct-Neural Interface,0.15,1.0,,,,,,,1e-07,6.7e-07,,,,,,,1.1,,1.05,,,,,2,,,,,,,,,,,,,,,,,,,,,,,
Graphene Bionic Spine Upgrade,1625000,12000000000,12000000000,Combat,Fulcrum Secret Technologies; ECorp; The Black Hand,Bionic Spine,,,,,2.4,,,,,,,,1.48e-06,,,,,,,,,,,,,,,,,,,,1.6,,1.6,,1.6,,1.6,,,,,,,,
Embedded Netburner Module Core V3 Upgrade,1750000,15000000000,15000000000,Hacking,ECorp; MegaCorp; Fulcrum Secret Technologies; NWO; Daedalus; The Covenant; Illuminati; The Black Hand,Embedded Netburner Module Core V2 Upgrade; Embedded Netburner Module Core Implant; Embedded Netburner Module,0.9,,,,,,,,5.1e-07,,,,,,,,1.1,1.1,1.05,1.4,,1.25,,,,,,,,,,,,,,,,,,,,,,,,,
QLink,1875000,50000000000000,50000000000000,Hacking,Illuminati; The Black Hand,,6.25,,,,,,,,3.33e-06,,,,,,,,1.75,2.5,2,4,,,,,,,,,,,,,,,,,,,,,,,,,,,
The Red Pill,2500000,0,0,,Daedalus,,,,,,,,,,,,,,,,,,,,,,,,,,,,,,,,,,,,,,,,,,,,,,,,
Stanek's Gift - Serenity,100000000,0,0,Charisma; Combat; Hacking; Hacknet; MoneyWork; Reputation,Church of the Machine God,Stanek's Gift - Awakening; Stanek's Gift - Genesis,0.315789,0.105263,0.157895,0.243108,0.421053,0.105263,,,0.0,0.0,0.0,0.0,0.0,0.0,,,1.052632,1.052632,1.052632,1.052632,1.052632,1.052632,1.052632,1.052632,1.052632,1.052632,1.052632,1.052632,0.952381,0.952381,0.952381,0.952381,1.052632,1.052632,1.052632,1.052632,1.052632,1.052632,1.052632,1.052632,1.052632,1.052632,,,,,
